site,set_order,toggle,net,panel,date_time_set,shallow_m,deep_m,date_time_pull,x,y,notes
PEP,1,1,CORE10,0,5/17/2023 17:13,5.1,10.2,5/18/2023 9:30,-119.6230783,39.997505,
PEP,1,1,CORE20,0,5/17/2023 17:18,13.1,16.1,5/18/2023 8:55,-119.6224,39.99766333,
PEP,1,1,1,1,5/17/2023 17:28,2.1,2.3,5/18/2023 8:27,-119.62424,39.99753833,"forgot to take clarity, did not separate panels"
PEP,1,1,1,2,5/17/2023 17:28,2.1,2.3,5/18/2023 8:27,-119.62424,39.99753833,"forgot to take clarity, did not separate panels"
PEP,1,1,2,1,5/17/2023 17:32,2.7,4,5/18/2023 7:50,-119.6240267,39.997595,
PEP,1,1,2,2,5/17/2023 17:32,2.7,4,5/18/2023 7:50,-119.6240267,39.997595,
PEP,1,1,3,1,5/17/2023 17:34,4.3,4.7,5/18/2023 7:21,-119.6240133,39.99796667,
PEP,1,1,3,2,5/17/2023 17:34,4.3,4.7,5/18/2023 7:21,-119.6240133,39.99796667,
PEP,1,1,4,1,5/17/2023 17:37,5.7,7.3,5/18/2023 6:57,-119.62353,39.998015,
PEP,1,1,4,2,5/17/2023 17:37,5.7,7.3,5/18/2023 6:57,-119.62353,39.998015,
PEP,1,1,5,1,5/17/2023 17:40,7.8,8.4,5/18/2023 6:53,-119.6233983,39.99818,
PEP,1,1,5,2,5/17/2023 17:40,7.8,8.4,5/18/2023 6:53,-119.6233983,39.99818,
PEP,1,1,6,1,5/17/2023 17:42,8.7,9.6,5/18/2023 6:36,-119.6232917,39.99838,
PEP,1,1,6,2,5/17/2023 17:42,8.7,9.6,5/18/2023 6:36,-119.6232917,39.99838,
PEP,1,1,7,1,5/17/2023 17:44,10.7,11.7,5/18/2023 6:31,-119.6229233,39.99856667,
PEP,1,1,7,2,5/17/2023 17:44,10.7,11.7,5/18/2023 6:31,-119.6229233,39.99856667,
PEP,1,1,8,1,5/17/2023 17:47,12,13,5/18/2023 6:23,-119.6224967,39.99896167,
PEP,1,1,8,2,5/17/2023 17:47,12,13,5/18/2023 6:23,-119.6224967,39.99896167,
PEP,1,1,9,1,5/17/2023 17:51,14.5,14.7,5/18/2023 6:13,-119.6216583,39.999365,
PEP,1,1,9,2,5/17/2023 17:51,14.5,14.7,5/18/2023 6:13,-119.6216583,39.999365,
PEP,1,1,10,1,5/17/2023 17:53,16,16.7,5/18/2023 6:06,-119.6209867,39.99976667,
PEP,1,1,10,2,5/17/2023 17:53,16,16.7,5/18/2023 6:06,-119.6209867,39.99976667,
PEP,1,1,11,1,5/17/2023 17:57,18.5,19.5,5/18/2023 6:00,-119.620545,40.00014833,
PEP,1,1,11,2,5/17/2023 17:57,18.5,19.5,5/18/2023 6:00,-119.620545,40.00014833,
PEP,1,1,12,1,5/17/2023 18:01,19,20,5/18/2023 5:49,,,
PEP,1,1,12,2,5/17/2023 18:01,19,20,5/18/2023 5:49,,,
BLH2,2,1,3,1,5/18/2023 17:29,1,2.8,5/19/2023 8:38,-119.5057117,39.88327167,
BLH2,2,1,3,2,5/18/2023 17:29,1,2.8,5/19/2023 8:38,-119.5057117,39.88327167,
BLH2,2,1,1,1,5/18/2023 17:31,2.5,3,5/19/2023 8:17,-119.5059567,39.88336667,
BLH2,2,1,1,2,5/18/2023 17:31,2.5,3,5/19/2023 8:17,-119.5059567,39.88336667,
BLH2,2,1,2,1,5/18/2023 17:33,4,7.4,5/19/2023 8:06,-119.5058717,39.8837,
BLH2,2,1,2,2,5/18/2023 17:33,4,7.4,5/19/2023 8:06,-119.5058717,39.8837,
BLH2,2,1,6,1,5/18/2023 17:36,5,7,5/19/2023 7:58,-119.5059917,39.88407,
BLH2,2,1,6,2,5/18/2023 17:36,5,7,5/19/2023 7:58,-119.5059917,39.88407,
BLH2,2,1,4,1,5/18/2023 17:38,6.7,10,5/19/2023 7:45,-119.506205,39.8844,
BLH2,2,1,4,2,5/18/2023 17:38,6.7,10,5/19/2023 7:45,-119.506205,39.8844,
BLH2,2,1,5,1,5/18/2023 17:41,8,11,5/19/2023 7:40,-119.506275,39.88474333,
BLH2,2,1,5,2,5/18/2023 17:41,8,11,5/19/2023 7:40,-119.506275,39.88474333,
BLH2,2,1,9,1,5/18/2023 17:43,10.1,11.7,5/19/2023 7:32,-119.5065733,39.88490333,
BLH2,2,1,9,2,5/18/2023 17:43,10.1,11.7,5/19/2023 7:32,-119.5065733,39.88490333,
BLH2,2,1,7,1,5/18/2023 17:45,12.5,13,5/19/2023 7:25,-119.50687,39.88517167,
BLH2,2,1,7,2,5/18/2023 17:45,12.5,13,5/19/2023 7:25,-119.50687,39.88517167,
BLH2,2,1,8,1,5/18/2023 17:47,13.1,13.3,5/19/2023 7:14,-119.5068767,39.88559667,
BLH2,2,1,8,2,5/18/2023 17:47,13.1,13.3,5/19/2023 7:14,-119.5068767,39.88559667,
BLH2,2,1,12,1,5/18/2023 17:50,15,15.2,5/19/2023 7:09,-119.506765,39.88603833,
BLH2,2,1,12,2,5/18/2023 17:50,15,15.2,5/19/2023 7:09,-119.506765,39.88603833,
BLH2,2,1,10,1,5/18/2023 17:52,17,18,5/19/2023 7:05,-119.50651,39.88650833,
BLH2,2,1,10,2,5/18/2023 17:52,17,18,5/19/2023 7:05,-119.50651,39.88650833,
BLH2,2,1,11,1,5/18/2023 17:55,19,19.3,5/19/2023 6:56,-119.5067017,39.88691833,
BLH2,2,1,11,2,5/18/2023 17:55,19,19.3,5/19/2023 6:56,-119.5067017,39.88691833,
BLH2,2,1,CORE10,0,5/18/2023 17:59,4,5.1,5/19/2023 5:59,-119.5091983,39.88602667,
BLH2,2,1,CORE20,0,5/18/2023 18:03,15.1,16.6,5/19/2023 6:32,-119.508105,39.88675,
NTS,3,1,2,1,5/22/2023 17:52,1.1,1.4,5/23/2023 8:22,-119.6221483,40.19231833,
NTS,3,1,2,2,5/22/2023 17:52,1.1,1.4,5/23/2023 8:22,-119.6221483,40.19231833,
NTS,3,1,3,1,5/22/2023 17:55,2.6,2.7,5/23/2023 8:01,-119.6216733,40.19056833,
NTS,3,1,3,2,5/22/2023 17:55,2.6,2.7,5/23/2023 8:01,-119.6216733,40.19056833,
NTS,3,1,1,1,5/22/2023 17:58,4.2,4.3,5/23/2023 7:44,-119.6205217,40.18753,
NTS,3,1,1,2,5/22/2023 17:58,4.2,4.3,5/23/2023 7:44,-119.6205217,40.18753,
NTS,3,1,CORE10,0,5/22/2023 18:01,5.6,6,5/23/2023 8:35,-119.6213067,40.185555,
NTS,3,1,5,1,5/22/2023 18:03,6.4,6.7,5/23/2023 7:34,-119.620115,40.18577167,
NTS,3,1,5,2,5/22/2023 18:03,6.4,6.7,5/23/2023 7:34,-119.620115,40.18577167,
NTS,3,1,6,1,5/22/2023 18:05,7.6,7.6,5/23/2023 7:25,-119.6196,40.18446833,
NTS,3,1,6,2,5/22/2023 18:05,7.6,7.6,5/23/2023 7:25,-119.6196,40.18446833,
NTS,3,1,4,1,5/22/2023 18:09,9.4,9.7,5/23/2023 7:09,-119.6189167,40.18302167,
NTS,3,1,4,2,5/22/2023 18:09,9.4,9.7,5/23/2023 7:09,-119.6189167,40.18302167,
NTS,3,1,8,1,5/22/2023 18:17,11.6,11.6,5/23/2023 7:00,-119.6180017,40.18096167,
NTS,3,1,8,2,5/22/2023 18:17,11.6,11.6,5/23/2023 7:00,-119.6180017,40.18096167,
NTS,3,1,9,1,5/22/2023 18:19,13.3,13.5,5/23/2023 6:55,-119.61738,40.17955167,
NTS,3,1,9,2,5/22/2023 18:19,13.3,13.5,5/23/2023 6:55,-119.61738,40.17955167,
NTS,3,1,7,1,5/22/2023 18:22,14.4,14.8,5/23/2023 6:50,-119.6169717,40.17883667,
NTS,3,1,7,2,5/22/2023 18:22,14.4,14.8,5/23/2023 6:50,-119.6169717,40.17883667,
NTS,3,1,CORE20,0,5/22/2023 18:23,15.2,15.7,5/23/2023 6:31,-119.6173717,40.17729667,
NTS,3,1,11,1,5/22/2023 18:26,15.7,15.9,5/23/2023 6:26,-119.6167033,40.17779833,
NTS,3,1,11,2,5/22/2023 18:26,15.7,15.9,5/23/2023 6:26,-119.6167033,40.17779833,
NTS,3,1,12,1,5/22/2023 18:28,18,18.3,5/23/2023 6:19,-119.6157517,40.17621333,
NTS,3,1,12,2,5/22/2023 18:28,18,18.3,5/23/2023 6:19,-119.6157517,40.17621333,
NTS,3,1,10,1,5/22/2023 18:30,19.4,19.7,5/23/2023 6:05,-119.6153983,40.17541667,
NTS,3,1,10,2,5/22/2023 18:30,19.4,19.7,5/23/2023 6:05,-119.6153983,40.17541667,
PLQ,1,1,1,1,5/24/2023 16:42,1.4,2,5/25/2023 8:49,-119.6901683,40.082285,
PLQ,1,1,1,2,5/24/2023 16:42,1.4,2,5/25/2023 8:49,-119.6901683,40.082285,
PLQ,1,1,2,1,5/24/2023 16:44,2.6,3,5/25/2023 8:29,-119.6895333,40.08238667,
PLQ,1,1,2,2,5/24/2023 16:44,2.6,3,5/25/2023 8:29,-119.6895333,40.08238667,
PLQ,1,1,3,1,5/24/2023 16:45,4,5,5/25/2023 7:59,-119.6887833,40.08267167,
PLQ,1,1,3,2,5/24/2023 16:45,4,5,5/25/2023 7:59,-119.6887833,40.08267167,
PLQ,1,1,4,1,5/24/2023 16:46,5,5.4,5/25/2023 7:28,-119.6878583,40.08300167,
PLQ,1,1,4,2,5/24/2023 16:46,5,5.4,5/25/2023 7:28,-119.6878583,40.08300167,
PLQ,1,1,5,1,5/24/2023 16:48,7.4,7.9,5/25/2023 7:23,-119.6871483,40.08327167,
PLQ,1,1,5,2,5/24/2023 16:48,7.4,7.9,5/25/2023 7:23,-119.6871483,40.08327167,
PLQ,1,1,6,1,5/24/2023 16:49,9,9.1,5/25/2023 7:16,-119.686465,40.08376667,
PLQ,1,1,6,2,5/24/2023 16:49,9,9.1,5/25/2023 7:16,-119.686465,40.08376667,
PLQ,1,1,7,1,5/24/2023 16:51,10.7,11,5/25/2023 7:12,-119.6857933,40.08428167,
PLQ,1,1,7,2,5/24/2023 16:51,10.7,11,5/25/2023 7:12,-119.6857933,40.08428167,
PLQ,1,1,8,1,5/24/2023 16:52,12.5,12.6,5/25/2023 7:01,-119.685305,40.084445,
PLQ,1,1,8,2,5/24/2023 16:52,12.5,12.6,5/25/2023 7:01,-119.685305,40.084445,
PLQ,1,1,9,1,5/24/2023 16:54,14,14.5,5/25/2023 6:54,-119.684615,40.08480833,
PLQ,1,1,9,2,5/24/2023 16:54,14,14.5,5/25/2023 6:54,-119.684615,40.08480833,
PLQ,1,1,10,1,5/24/2023 16:56,16,16.4,5/25/2023 6:46,-119.6836333,40.08522167,
PLQ,1,1,10,2,5/24/2023 16:56,16,16.4,5/25/2023 6:46,-119.6836333,40.08522167,
PLQ,1,1,11,1,5/24/2023 16:58,17.8,18.6,5/25/2023 6:40,-119.6835367,40.08590833,
PLQ,1,1,11,2,5/24/2023 16:58,17.8,18.6,5/25/2023 6:40,-119.6835367,40.08590833,
PLQ,1,1,12,1,5/24/2023 17:01,19,19.7,5/25/2023 6:34,-119.6829183,40.08681667,
PLQ,1,1,12,2,5/24/2023 17:01,19,19.7,5/25/2023 6:34,-119.6829183,40.08681667,
PLQ,1,1,CORE10,0,5/24/2023 17:05,5.4,6.8,5/25/2023 6:02,-119.6872733,40.08762333,
PLQ,1,1,CORE20,0,5/24/2023 17:07,14.5,14.7,5/25/2023 5:46,-119.6848383,40.08894167,
TAM,2,1,3,1,6/9/2023 16:45,1.7,2,6/10/2023 7:43,-119.5351983,39.91190333,
TAM,2,1,3,2,6/9/2023 16:45,1.7,2,6/10/2023 7:43,-119.5351983,39.91190333,
TAM,2,1,1,1,6/9/2023 16:46,2.6,2.8,6/10/2023 7:15,-119.53509,39.91100167,not actually may obvi but first round of nets
TAM,2,1,1,2,6/9/2023 16:46,2.6,2.8,6/10/2023 7:15,-119.53509,39.91100167,not actually may obvi but first round of nets
TAM,2,1,2,1,6/9/2023 16:48,3.5,3.9,6/10/2023 6:44,-119.5343017,39.91155,
TAM,2,1,2,2,6/9/2023 16:48,3.5,3.9,6/10/2023 6:44,-119.5343017,39.91155,
TAM,2,1,6,1,6/9/2023 16:50,5.1,5.6,6/10/2023 6:28,-119.5339767,39.91194833,
TAM,2,1,6,2,6/9/2023 16:50,5.1,5.6,6/10/2023 6:28,-119.5339767,39.91194833,
TAM,2,1,4,1,6/9/2023 16:52,7,7.5,6/10/2023 6:13,-119.533875,39.91232333,
TAM,2,1,4,2,6/9/2023 16:52,7,7.5,6/10/2023 6:13,-119.533875,39.91232333,
TAM,2,1,5,1,6/9/2023 16:58,6.5,8.2,6/10/2023 6:07,-119.53403,39.91211167,
TAM,2,1,5,2,6/9/2023 16:58,6.5,8.2,6/10/2023 6:07,-119.53403,39.91211167,
TAM,2,1,9,1,6/9/2023 17:02,10.5,13.6,6/10/2023 6:02,-119.5361983,39.91315333,
TAM,2,1,9,2,6/9/2023 17:02,10.5,13.6,6/10/2023 6:02,-119.5361983,39.91315333,
TAM,2,1,7,1,6/9/2023 17:04,12.1,14.8,6/10/2023 5:58,-119.53686,39.91330667,
TAM,2,1,7,2,6/9/2023 17:04,12.1,14.8,6/10/2023 5:58,-119.53686,39.91330667,
TAM,2,1,8,1,6/9/2023 17:07,11.2,13.6,6/10/2023 5:53,-119.53752,39.91362333,
TAM,2,1,8,2,6/9/2023 17:07,11.2,13.6,6/10/2023 5:53,-119.53752,39.91362333,
TAM,2,1,12,1,6/9/2023 17:11,15.1,17,6/10/2023 5:47,-119.537705,39.91396,
TAM,2,1,12,2,6/9/2023 17:11,15.1,17,6/10/2023 5:47,-119.537705,39.91396,
TAM,2,1,10,1,6/9/2023 17:14,15.6,17,6/10/2023 5:43,-119.5380533,39.91438,
TAM,2,1,10,2,6/9/2023 17:14,15.6,17,6/10/2023 5:43,-119.5380533,39.91438,
TAM,2,1,11,1,6/9/2023 17:17,17.4,18.1,6/10/2023 5:30,-119.537945,39.91464667,
TAM,2,1,11,2,6/9/2023 17:17,17.4,18.1,6/10/2023 5:30,-119.537945,39.91464667,
TAM,2,1,CORE10,0,6/9/2023 17:22,5,15,6/10/2023 5:11,-119.5391683,39.91470833,
TAM,2,1,CORE20,0,6/9/2023 17:28,12,19.7,6/10/2023 4:48,-119.539065,39.91543,
PYR,3,1,2,1,6/12/2023 17:57,1.8,2.5,6/13/2023 9:37,-119.4931217,39.97041333,
PYR,3,1,2,2,6/12/2023 17:57,1.8,2.5,6/13/2023 9:37,-119.4931217,39.97041333,
PYR,3,1,3,1,6/12/2023 17:58,3,3.8,6/13/2023 9:08,-119.493875,39.970855,
PYR,3,1,3,2,6/12/2023 17:58,3,3.8,6/13/2023 9:08,-119.493875,39.970855,
PYR,3,1,1,1,6/12/2023 17:59,4,5.3,6/13/2023 8:44,-119.494295,39.97064667,
PYR,3,1,1,2,6/12/2023 17:59,4,5.3,6/13/2023 8:44,-119.494295,39.97064667,
PYR,3,1,5,1,6/12/2023 18:00,5.4,7,6/13/2023 8:30,-119.49447,39.97053833,
PYR,3,1,5,2,6/12/2023 18:00,5.4,7,6/13/2023 8:30,-119.49447,39.97053833,
PYR,3,1,6,1,6/12/2023 18:02,6,8,6/13/2023 8:15,-119.4945767,39.97019,
PYR,3,1,6,2,6/12/2023 18:02,6,8,6/13/2023 8:15,-119.4945767,39.97019,
PYR,3,1,4,1,6/12/2023 18:03,8.4,10.6,6/13/2023 7:50,-119.494735,39.96977833,
PYR,3,1,4,2,6/12/2023 18:03,8.4,10.6,6/13/2023 7:50,-119.494735,39.96977833,
PYR,3,1,8,1,6/12/2023 18:05,10.5,11,6/13/2023 7:43,-119.49505,39.96954333,
PYR,3,1,8,2,6/12/2023 18:05,10.5,11,6/13/2023 7:43,-119.49505,39.96954333,
PYR,3,1,9,1,6/12/2023 18:06,13.2,14,6/13/2023 7:36,-119.4956633,39.96968667,
PYR,3,1,9,2,6/12/2023 18:06,13.2,14,6/13/2023 7:36,-119.4956633,39.96968667,
PYR,3,1,7,1,6/12/2023 18:08,14,15.1,6/13/2023 7:30,-119.4961933,39.96942333,
PYR,3,1,7,2,6/12/2023 18:08,14,15.1,6/13/2023 7:30,-119.4961933,39.96942333,
PYR,3,1,11,1,6/12/2023 18:09,16,17.1,6/13/2023 7:26,-119.496845,39.96919667,
PYR,3,1,11,2,6/12/2023 18:09,16,17.1,6/13/2023 7:26,-119.496845,39.96919667,
PYR,3,1,12,1,6/12/2023 18:11,17.4,18,6/13/2023 7:20,-119.4972133,39.9692,
PYR,3,1,12,2,6/12/2023 18:11,17.4,18,6/13/2023 7:20,-119.4972133,39.9692,
PYR,3,1,10,1,6/12/2023 18:13,18.3,19.4,6/13/2023 7:13,-119.4976417,39.96879667,
PYR,3,1,10,2,6/12/2023 18:13,18.3,19.4,6/13/2023 7:13,-119.4976417,39.96879667,
PYR,3,1,CORE10,0,6/12/2023 18:16,3.5,5.5,6/13/2023 6:22,-119.4955283,39.96742833,
PYR,3,1,CORE20,0,6/12/2023 18:20,13.1,22,6/13/2023 6:06,-119.4982033,39.967765,
ABY,1,1,1,1,6/14/2023 16:44,1.5,3,6/15/2023 16:31,-119.5002517,40.092545,
ABY,1,1,1,2,6/14/2023 16:44,1.5,3,6/15/2023 16:31,-119.5002517,40.092545,
ABY,1,1,2,1,6/14/2023 16:46,3.1,4,6/15/2023 15:57,-119.4998667,40.09243667,
ABY,1,1,2,2,6/14/2023 16:46,3.1,4,6/15/2023 15:57,-119.4998667,40.09243667,
ABY,1,1,3,1,6/14/2023 16:47,4,4.7,6/15/2023 15:23,-119.4997483,40.09202,
ABY,1,1,3,2,6/14/2023 16:47,4,4.7,6/15/2023 15:23,-119.4997483,40.09202,
ABY,1,1,4,1,6/14/2023 16:49,5,5.7,6/15/2023 14:06,-119.4994067,40.09155167,
ABY,1,1,4,2,6/14/2023 16:49,5,5.7,6/15/2023 14:06,-119.4994067,40.09155167,
ABY,1,1,5,1,6/14/2023 16:51,6.5,10,6/15/2023 14:01,-119.49915,40.09102833,
ABY,1,1,5,2,6/14/2023 16:51,6.5,10,6/15/2023 14:01,-119.49915,40.09102833,
ABY,1,1,6,1,6/14/2023 16:53,8,12,6/15/2023 13:51,-119.498875,40.09059333,
ABY,1,1,6,2,6/14/2023 16:53,8,12,6/15/2023 13:51,-119.498875,40.09059333,
ABY,1,1,7,1,6/14/2023 16:57,10.2,15,6/15/2023 13:44,-119.498445,40.08995167,
ABY,1,1,7,2,6/14/2023 16:57,10.2,15,6/15/2023 13:44,-119.498445,40.08995167,
ABY,1,1,8,1,6/14/2023 16:59,11,14,6/15/2023 13:41,-119.4983383,40.08921333,
ABY,1,1,8,2,6/14/2023 16:59,11,14,6/15/2023 13:41,-119.4983383,40.08921333,
ABY,1,1,9,1,6/14/2023 17:01,12.5,15,6/15/2023 13:34,-119.49813,40.0885,
ABY,1,1,9,2,6/14/2023 17:01,12.5,15,6/15/2023 13:34,-119.49813,40.0885,
ABY,1,1,10,1,6/14/2023 17:03,15,19,6/15/2023 13:28,-119.497915,40.08788833,
ABY,1,1,10,2,6/14/2023 17:03,15,19,6/15/2023 13:28,-119.497915,40.08788833,
ABY,1,1,11,1,6/14/2023 17:06,16,17.2,6/15/2023 13:17,-119.4974283,40.087245,
ABY,1,1,11,2,6/14/2023 17:06,16,17.2,6/15/2023 13:17,-119.4974283,40.087245,
ABY,1,1,12,1,6/14/2023 17:12,16.9,19.1,6/15/2023 13:04,-119.4962317,40.08649667,
ABY,1,1,12,2,6/14/2023 17:12,16.9,19.1,6/15/2023 13:04,-119.4962317,40.08649667,
ABY,1,1,CORE10,0,6/14/2023 17:16,1.5,5,6/15/2023 11:55,-119.4946017,40.08553167,
ABY,1,1,CORE20,0,6/14/2023 17:19,12.5,19.8,6/15/2023 11:28,-119.494985,40.08479,
PLQ2,2,1,3,1,6/23/2023 17:14,1.5,2,6/24/2023 10:26,-119.67561,40.05022333,
PLQ2,2,1,3,2,6/23/2023 17:14,1.5,2,6/24/2023 10:26,-119.67561,40.05022333,
PLQ2,2,1,1,1,6/23/2023 17:15,2.7,2.9,6/24/2023 9:52,-119.675435,40.05059167,
PLQ2,2,1,1,2,6/23/2023 17:15,2.7,2.9,6/24/2023 9:52,-119.675435,40.05059167,
PLQ2,2,1,2,1,6/23/2023 17:17,3.4,3.7,6/24/2023 9:30,-119.67518,40.05088,
PLQ2,2,1,6,1,6/23/2023 17:17,5.2,5.6,6/24/2023 9:02,-119.6748283,40.05135333,
PLQ2,2,1,2,2,6/23/2023 17:17,3.4,3.7,6/24/2023 9:30,-119.67518,40.05088,
PLQ2,2,1,6,2,6/23/2023 17:17,5.2,5.6,6/24/2023 9:02,-119.6748283,40.05135333,
PLQ2,2,1,4,1,6/23/2023 17:19,6.5,7.4,6/24/2023 8:27,-119.674565,40.05177,
PLQ2,2,1,4,2,6/23/2023 17:19,6.5,7.4,6/24/2023 8:27,-119.674565,40.05177,
PLQ2,2,1,5,1,6/23/2023 17:20,8.4,8.7,6/24/2023 8:16,-119.6744733,40.05203333,
PLQ2,2,1,5,2,6/23/2023 17:20,8.4,8.7,6/24/2023 8:16,-119.6744733,40.05203333,
PLQ2,2,1,9,1,6/23/2023 17:21,10.7,11,6/24/2023 7:58,-119.6742133,40.05238833,
PLQ2,2,1,9,2,6/23/2023 17:21,10.7,11,6/24/2023 7:58,-119.6742133,40.05238833,
PLQ2,2,1,7,1,6/23/2023 17:22,12.5,12.7,6/24/2023 7:46,-119.6740133,40.05253333,
PLQ2,2,1,7,2,6/23/2023 17:22,12.5,12.7,6/24/2023 7:46,-119.6740133,40.05253333,
PLQ2,2,1,8,1,6/23/2023 17:24,14.1,14.7,6/24/2023 7:36,-119.6737933,40.05284,
PLQ2,2,1,8,2,6/23/2023 17:24,14.1,14.7,6/24/2023 7:36,-119.6737933,40.05284,
PLQ2,2,1,12,1,6/23/2023 17:25,15.8,15.9,6/24/2023 7:27,-119.6734267,40.053145,
PLQ2,2,1,12,2,6/23/2023 17:25,15.8,15.9,6/24/2023 7:27,-119.6734267,40.053145,
PLQ2,2,1,10,1,6/23/2023 17:26,17.4,17.7,6/24/2023 7:23,-119.6731367,40.05342167,
PLQ2,2,1,10,2,6/23/2023 17:26,17.4,17.7,6/24/2023 7:23,-119.6731367,40.05342167,
PLQ2,2,1,11,1,6/23/2023 17:28,18.7,18.9,6/24/2023 7:13,-119.6728817,40.05369,
PLQ2,2,1,11,2,6/23/2023 17:28,18.7,18.9,6/24/2023 7:13,-119.6728817,40.05369,
PLQ2,2,1,CORE10,0,6/23/2023 17:32,5.5,6.1,6/24/2023 5:33,-119.6782967,40.05509667,
PLQ2,2,1,CORE20,0,6/23/2023 17:35,16.1,17.1,6/24/2023 5:14,-119.6761917,40.05658667,
PEP2,3,2,2,1,6/25/2023 18:22,1.9,3.9,6/26/2023 9:48,-119.614915,39.97924333,
PEP2,3,2,2,2,6/25/2023 18:22,1.9,3.9,6/26/2023 9:48,-119.614915,39.97924333,
PEP2,3,2,3,1,6/25/2023 18:24,3,6.4,6/26/2023 9:11,-119.61535,39.97903167,
PEP2,3,2,3,2,6/25/2023 18:24,3,6.4,6/26/2023 9:11,-119.61535,39.97903167,
PEP2,3,2,1,1,6/25/2023 18:26,4,5.5,6/26/2023 8:50,-119.615585,39.97940667,
PEP2,3,2,1,2,6/25/2023 18:26,4,5.5,6/26/2023 8:50,-119.615585,39.97940667,
PEP2,3,2,5,1,6/25/2023 18:28,5,9,6/26/2023 8:41,-119.61594,39.97973667,
PEP2,3,2,5,2,6/25/2023 18:28,5,9,6/26/2023 8:41,-119.61594,39.97973667,
PEP2,3,2,6,1,6/25/2023 18:30,6.2,9.5,6/26/2023 8:23,-119.6162167,39.98034333,
PEP2,3,2,6,2,6/25/2023 18:30,6.2,9.5,6/26/2023 8:23,-119.6162167,39.98034333,
PEP2,3,2,4,1,6/25/2023 18:32,5,8.1,6/26/2023 7:56,-119.616785,39.98080833,
PEP2,3,2,4,2,6/25/2023 18:32,5,8.1,6/26/2023 7:56,-119.616785,39.98080833,
PEP2,3,2,8,1,6/25/2023 18:37,10.8,15,6/26/2023 7:50,-119.61691,39.98113833,
PEP2,3,2,8,2,6/25/2023 18:37,10.8,15,6/26/2023 7:50,-119.61691,39.98113833,
PEP2,3,1,9,1,6/25/2023 18:43,10.4,14.3,6/26/2023 7:29,-119.614575,39.97837667,
PEP2,3,1,9,2,6/25/2023 18:43,10.4,14.3,6/26/2023 7:29,-119.614575,39.97837667,
PEP2,3,1,7,1,6/25/2023 18:45,11.2,14.7,6/26/2023 7:22,-119.6139333,39.977625,
PEP2,3,1,7,2,6/25/2023 18:45,11.2,14.7,6/26/2023 7:22,-119.6139333,39.977625,
PEP2,3,1,11,1,6/25/2023 18:46,14.9,16,6/26/2023 7:18,-119.6136117,39.97749167,
PEP2,3,1,11,2,6/25/2023 18:46,14.9,16,6/26/2023 7:18,-119.6136117,39.97749167,
PEP2,3,1,12,1,6/25/2023 18:47,16.8,17.2,6/26/2023 7:14,-119.6134817,39.97738833,
PEP2,3,1,12,2,6/25/2023 18:47,16.8,17.2,6/26/2023 7:14,-119.6134817,39.97738833,
PEP2,3,1,10,1,6/25/2023 18:50,17.2,18.2,6/26/2023 7:05,-119.6132333,39.97694667,
PEP2,3,1,10,2,6/25/2023 18:50,17.2,18.2,6/26/2023 7:05,-119.6132333,39.97694667,
PEP2,3,1,CORE10,0,6/25/2023 18:52,5,6.1,6/26/2023 5:40,-119.6130933,39.97611833,
PEP2,3,1,CORE20,0,6/25/2023 18:53,15.5,25.5,6/26/2023 5:24,-119.61206,39.97628833,
HEK,1,1,1,1,6/28/2023 19:50,1.3,1.7,6/29/2023 11:01,-119.514175,40.15068833,
HEK,1,1,1,2,6/28/2023 19:50,1.3,1.7,6/29/2023 11:01,-119.514175,40.15068833,
HEK,1,1,2,1,6/28/2023 19:52,2.5,2.6,6/29/2023 10:34,-119.514695,40.15058333,
HEK,1,1,2,2,6/28/2023 19:52,2.5,2.6,6/29/2023 10:34,-119.514695,40.15058333,
HEK,1,1,3,1,6/28/2023 19:54,3.5,4.4,6/29/2023 9:57,-119.5161233,40.150305,
HEK,1,1,3,2,6/28/2023 19:54,3.5,4.4,6/29/2023 9:57,-119.5161233,40.150305,
HEK,1,1,4,1,6/28/2023 19:55,6,6.6,6/29/2023 9:16,-119.5167817,40.150215,
HEK,1,1,4,2,6/28/2023 19:55,6,6.6,6/29/2023 9:16,-119.5167817,40.150215,
HEK,1,1,5,1,6/28/2023 19:56,7.7,7.9,6/29/2023 9:05,-119.5172483,40.15003333,
HEK,1,1,5,2,6/28/2023 19:56,7.7,7.9,6/29/2023 9:05,-119.5172483,40.15003333,
HEK,1,1,6,1,6/28/2023 19:58,9.5,9.7,6/29/2023 8:27,-119.5179817,40.14978167,
HEK,1,1,6,2,6/28/2023 19:58,9.5,9.7,6/29/2023 8:27,-119.5179817,40.14978167,
HEK,1,1,7,1,6/28/2023 19:59,11,11.2,6/29/2023 7:59,-119.5181867,40.14983167,
HEK,1,1,7,2,6/28/2023 19:59,11,11.2,6/29/2023 7:59,-119.5181867,40.14983167,
HEK,1,1,8,1,6/28/2023 20:01,13.3,13.9,6/29/2023 7:49,-119.5189533,40.149775,
HEK,1,1,8,2,6/28/2023 20:01,13.3,13.9,6/29/2023 7:49,-119.5189533,40.149775,
HEK,1,1,9,1,6/28/2023 20:02,14.4,14.9,6/29/2023 7:29,-119.5194567,40.149765,
HEK,1,1,9,2,6/28/2023 20:02,14.4,14.9,6/29/2023 7:29,-119.5194567,40.149765,
HEK,1,1,10,1,6/28/2023 20:03,16.4,16.8,6/29/2023 7:18,-119.5200833,40.14967,
HEK,1,1,10,2,6/28/2023 20:03,16.4,16.8,6/29/2023 7:18,-119.5200833,40.14967,
HEK,1,1,11,1,6/28/2023 20:05,18.1,18.2,6/29/2023 7:09,-119.5206467,40.14963167,
HEK,1,1,11,2,6/28/2023 20:05,18.1,18.2,6/29/2023 7:09,-119.5206467,40.14963167,
HEK,1,1,12,1,6/28/2023 20:07,18.9,19.2,6/29/2023 7:05,-119.521095,40.14954,
HEK,1,1,12,2,6/28/2023 20:07,18.9,19.2,6/29/2023 7:05,-119.521095,40.14954,
HEK,1,1,CORE10,0,6/28/2023 20:12,5.1,7.2,6/29/2023 6:10,-119.5145917,40.14662,
HEK,1,1,CORE20,0,6/28/2023 20:14,15,17.7,6/29/2023 5:49,-119.5161983,40.14638667,
PYR2,2,1,1,1,6/29/2023 19:45,2.5,3,6/30/2023 8:50,-119.466515,39.93729667,"not taking clarity, but it looked bad"
PYR2,2,1,1,2,6/29/2023 19:45,2.5,3,6/30/2023 8:50,-119.466515,39.93729667,"not taking clarity, but it looked bad"
PYR2,2,1,3,1,6/29/2023 19:46,1.5,2,6/30/2023 9:17,,,
PYR2,2,1,3,2,6/29/2023 19:46,1.5,2,6/30/2023 9:17,,,
PYR2,2,1,2,1,6/29/2023 19:48,4,4.1,6/30/2023 8:28,-119.4675733,39.93660833,
PYR2,2,1,2,2,6/29/2023 19:48,4,4.1,6/30/2023 8:28,-119.4675733,39.93660833,
PYR2,2,1,6,1,6/29/2023 19:49,5.5,5.5,6/30/2023 8:08,-119.467955,39.93628,
PYR2,2,1,6,2,6/29/2023 19:49,5.5,5.5,6/30/2023 8:08,-119.467955,39.93628,
PYR2,2,1,4,1,6/29/2023 19:51,7.5,8.4,6/30/2023 7:48,-119.46959,39.93510333,
PYR2,2,1,4,2,6/29/2023 19:51,7.5,8.4,6/30/2023 7:48,-119.46959,39.93510333,
PYR2,2,1,5,1,6/29/2023 19:52,9,9.1,6/30/2023 7:34,-119.469675,39.93505833,
PYR2,2,1,5,2,6/29/2023 19:52,9,9.1,6/30/2023 7:34,-119.469675,39.93505833,
PYR2,2,1,9,1,6/29/2023 19:55,11.5,11.8,6/30/2023 7:20,-119.4710733,39.93377667,
PYR2,2,1,9,2,6/29/2023 19:55,11.5,11.8,6/30/2023 7:20,-119.4710733,39.93377667,
PYR2,2,1,7,1,6/29/2023 19:56,12.7,12.8,6/30/2023 7:12,-119.4716983,39.93335833,
PYR2,2,1,7,2,6/29/2023 19:56,12.7,12.8,6/30/2023 7:12,-119.4716983,39.93335833,
PYR2,2,1,8,1,6/29/2023 19:57,14.2,14.5,6/30/2023 7:03,-119.4721783,39.93291833,
PYR2,2,1,8,2,6/29/2023 19:57,14.2,14.5,6/30/2023 7:03,-119.4721783,39.93291833,
PYR2,2,1,12,1,6/29/2023 19:58,15.7,16,6/30/2023 6:55,-119.47275,39.93247833,
PYR2,2,1,12,2,6/29/2023 19:58,15.7,16,6/30/2023 6:55,-119.47275,39.93247833,
PYR2,2,1,10,1,6/29/2023 19:59,17.5,17.9,6/30/2023 6:50,-119.47347,39.93198667,
PYR2,2,1,10,2,6/29/2023 19:59,17.5,17.9,6/30/2023 6:50,-119.47347,39.93198667,
PYR2,2,1,11,1,6/29/2023 20:01,19.1,19.3,6/30/2023 6:45,-119.4740983,39.931585,
PYR2,2,1,11,2,6/29/2023 20:01,19.1,19.3,6/30/2023 6:45,-119.4740983,39.931585,
PYR2,2,1,CORE10,0,6/29/2023 20:05,4.8,5.1,6/30/2023 5:57,-119.462805,39.93260667,
PYR2,2,1,CORE20,0,6/29/2023 20:15,16.3,16.4,6/30/2023 5:42,-119.4672617,39.92894833,
DAG,3,1,2,1,6/30/2023 19:47,1.6,1.6,7/1/2023 10:02,-119.4125367,39.898025,
DAG,3,1,2,2,6/30/2023 19:47,1.6,1.6,7/1/2023 10:02,-119.4125367,39.898025,
DAG,3,1,3,1,6/30/2023 19:48,2.5,2.7,7/1/2023 9:40,-119.4129233,39.89827667,
DAG,3,1,3,2,6/30/2023 19:48,2.5,2.7,7/1/2023 9:40,-119.4129233,39.89827667,
DAG,3,1,1,1,6/30/2023 19:51,4.4,4.5,7/1/2023 9:23,-119.414865,39.89858,
DAG,3,1,1,2,6/30/2023 19:51,4.4,4.5,7/1/2023 9:23,-119.414865,39.89858,
DAG,3,1,5,1,6/30/2023 19:52,6,6.1,7/1/2023 8:56,-119.4161017,39.89864333,
DAG,3,1,5,2,6/30/2023 19:52,6,6.1,7/1/2023 8:56,-119.4161017,39.89864333,
DAG,3,1,6,1,6/30/2023 19:53,7.5,8.3,7/1/2023 8:42,-119.4172633,39.898665,
DAG,3,1,6,2,6/30/2023 19:53,7.5,8.3,7/1/2023 8:42,-119.4172633,39.898665,
DAG,3,1,4,1,6/30/2023 19:55,9.5,10.1,7/1/2023 8:30,-119.4177833,39.89864667,
DAG,3,1,4,2,6/30/2023 19:55,9.5,10.1,7/1/2023 8:30,-119.4177833,39.89864667,
DAG,3,1,8,1,6/30/2023 19:56,11.2,11.5,7/1/2023 8:15,-119.4184967,39.89865167,
DAG,3,1,8,2,6/30/2023 19:56,11.2,11.5,7/1/2023 8:15,-119.4184967,39.89865167,
DAG,3,1,9,1,6/30/2023 19:57,12.7,12.9,7/1/2023 7:59,-119.4194233,39.89864833,
DAG,3,1,9,2,6/30/2023 19:57,12.7,12.9,7/1/2023 7:59,-119.4194233,39.89864833,
DAG,3,1,7,1,6/30/2023 19:58,14.3,14.4,7/1/2023 7:55,-119.4205067,39.89869167,
DAG,3,1,7,2,6/30/2023 19:58,14.3,14.4,7/1/2023 7:55,-119.4205067,39.89869167,
DAG,3,1,11,1,6/30/2023 20:00,15.7,15.8,7/1/2023 7:51,-119.4216483,39.89869167,
DAG,3,1,11,2,6/30/2023 20:00,15.7,15.8,7/1/2023 7:51,-119.4216483,39.89869167,
DAG,3,1,12,1,6/30/2023 20:02,17.5,17.7,7/1/2023 7:45,-119.4234567,39.89876833,
DAG,3,1,12,2,6/30/2023 20:02,17.5,17.7,7/1/2023 7:45,-119.4234567,39.89876833,
DAG,3,1,10,1,6/30/2023 20:03,18.5,18.8,7/1/2023 7:41,-119.424525,39.89876333,
DAG,3,1,10,2,6/30/2023 20:03,18.5,18.8,7/1/2023 7:41,-119.424525,39.89876333,
DAG,3,1,CORE10,0,6/30/2023 20:07,5.1,5.1,7/1/2023 6:54,-119.41946,39.905495,
DAG,3,1,CORE20,0,6/30/2023 20:20,15,15.7,7/1/2023 6:36,-119.4255383,39.90289667,
PLQ3,1,1,1,1,7/1/2023 19:36,1.8,2.1,7/2/2023 10:10,-119.7013683,40.12999333,
PLQ3,1,1,1,2,7/1/2023 19:36,1.8,2.1,7/2/2023 10:10,-119.7013683,40.12999333,
PLQ3,1,1,2,1,7/1/2023 19:37,2.7,3.2,7/2/2023 9:20,-119.70052,40.12944167,
PLQ3,1,1,2,2,7/1/2023 19:37,2.7,3.2,7/2/2023 9:20,-119.70052,40.12944167,
PLQ3,1,1,3,1,7/1/2023 19:40,4.2,4.4,7/2/2023 9:38,-119.6986467,40.128565,
PLQ3,1,1,3,2,7/1/2023 19:40,4.2,4.4,7/2/2023 9:38,-119.6986467,40.128565,
PLQ3,1,1,4,1,7/1/2023 19:43,6,6.2,7/2/2023 8:42,-119.6969083,40.128025,
PLQ3,1,1,4,2,7/1/2023 19:43,6,6.2,7/2/2023 8:42,-119.6969083,40.128025,
PLQ3,1,1,5,1,7/1/2023 19:45,7.7,8.1,7/2/2023 8:28,-119.69553,40.127535,
PLQ3,1,1,5,2,7/1/2023 19:45,7.7,8.1,7/2/2023 8:28,-119.69553,40.127535,
PLQ3,1,1,6,1,7/1/2023 19:46,9.1,9.3,7/2/2023 8:07,-119.6939617,40.12695167,
PLQ3,1,1,6,2,7/1/2023 19:46,9.1,9.3,7/2/2023 8:07,-119.6939617,40.12695167,
PLQ3,1,1,7,1,7/1/2023 19:48,11,11.3,7/2/2023 7:51,-119.692035,40.126415,
PLQ3,1,1,7,2,7/1/2023 19:48,11,11.3,7/2/2023 7:51,-119.692035,40.126415,
PLQ3,1,1,8,1,7/1/2023 19:50,12,12.8,7/2/2023 7:47,-119.6898283,40.12559,
PLQ3,1,1,8,2,7/1/2023 19:50,12,12.8,7/2/2023 7:47,-119.6898283,40.12559,
PLQ3,1,1,9,1,7/1/2023 19:52,14.3,14.6,7/2/2023 7:40,-119.6876967,40.12459833,
PLQ3,1,1,9,2,7/1/2023 19:52,14.3,14.6,7/2/2023 7:40,-119.6876967,40.12459833,
PLQ3,1,1,10,1,7/1/2023 20:01,16,16,7/2/2023 7:26,-119.6856083,40.12292,
PLQ3,1,1,10,2,7/1/2023 20:01,16,16,7/2/2023 7:26,-119.6856083,40.12292,
PLQ3,1,1,11,1,7/1/2023 20:03,17.8,18.1,7/2/2023 7:19,-119.6832067,40.122245,
PLQ3,1,1,11,2,7/1/2023 20:03,17.8,18.1,7/2/2023 7:19,-119.6832067,40.122245,
PLQ3,1,1,12,1,7/1/2023 20:04,18.9,19.2,7/2/2023 7:15,-119.6822733,40.121745,
PLQ3,1,1,12,2,7/1/2023 20:04,18.9,19.2,7/2/2023 7:15,-119.6822733,40.121745,
PLQ3,1,1,CORE10,0,7/1/2023 20:09,5,5.5,7/2/2023 6:18,-119.6984883,40.120775,
PLQ3,1,1,CORE20,0,7/1/2023 20:13,15.7,16.4,7/2/2023 5:49,-119.69001,40.11828333,
BLH,2,1,3,1,7/4/2023 19:19,1.5,2.7,7/5/2023 9:27,-119.481705,39.86614167,
BLH,2,1,3,2,7/4/2023 19:19,1.5,2.7,7/5/2023 9:27,-119.481705,39.86614167,
BLH,2,1,1,1,7/4/2023 19:22,2.5,3.8,7/5/2023 9:05,-119.48212,39.86659833,
BLH,2,1,1,2,7/4/2023 19:22,2.5,3.8,7/5/2023 9:05,-119.48212,39.86659833,
BLH,2,1,2,1,7/4/2023 19:24,4,5.4,7/5/2023 8:47,-119.4825233,39.867085,
BLH,2,1,2,2,7/4/2023 19:24,4,5.4,7/5/2023 8:47,-119.4825233,39.867085,
BLH,2,1,6,1,7/4/2023 19:26,5.7,6.6,7/5/2023 8:24,-119.4829367,39.867495,
BLH,2,1,6,2,7/4/2023 19:26,5.7,6.6,7/5/2023 8:24,-119.4829367,39.867495,
BLH,2,1,4,1,7/4/2023 19:31,6,7.4,7/5/2023 7:41,-119.4833133,39.86778667,
BLH,2,1,4,2,7/4/2023 19:31,6,7.4,7/5/2023 7:41,-119.4833133,39.86778667,
BLH,2,1,5,1,7/4/2023 19:34,6.7,9,7/5/2023 7:31,-119.4839567,39.86829167,
BLH,2,1,5,2,7/4/2023 19:34,6.7,9,7/5/2023 7:31,-119.4839567,39.86829167,
BLH,2,1,9,1,7/4/2023 19:36,11,14,7/5/2023 7:19,-119.4841433,39.86860667,
BLH,2,1,9,2,7/4/2023 19:36,11,14,7/5/2023 7:19,-119.4841433,39.86860667,
BLH,2,1,7,1,7/4/2023 19:42,9,13.6,7/5/2023 7:07,-119.48484,39.869235,
BLH,2,1,7,2,7/4/2023 19:42,9,13.6,7/5/2023 7:07,-119.48484,39.869235,
BLH,2,1,8,1,7/4/2023 19:44,10.5,13.3,7/5/2023 6:58,-119.485215,39.86975167,
BLH,2,1,8,2,7/4/2023 19:44,10.5,13.3,7/5/2023 6:58,-119.485215,39.86975167,
BLH,2,1,12,1,7/4/2023 19:46,14,16.5,7/5/2023 6:50,-119.4854617,39.86993333,
BLH,2,1,12,2,7/4/2023 19:46,14,16.5,7/5/2023 6:50,-119.4854617,39.86993333,
BLH,2,1,10,1,7/4/2023 19:49,15.6,17.8,7/5/2023 6:40,-119.4858517,39.87057833,
BLH,2,1,10,2,7/4/2023 19:49,15.6,17.8,7/5/2023 6:40,-119.4858517,39.87057833,
BLH,2,1,11,1,7/4/2023 19:52,16.8,19.8,7/5/2023 6:35,-119.4862733,39.87114167,
BLH,2,1,11,2,7/4/2023 19:52,16.8,19.8,7/5/2023 6:35,-119.4862733,39.87114167,
BLH,2,1,CORE10,0,7/4/2023 19:55,2.5,6,7/5/2023 5:45,-119.487395,39.87137167,
BLH,2,1,CORE20,0,7/4/2023 19:57,14.5,22.8,7/5/2023 5:33,-119.486985,39.87202,
TAM3,3,1,2,1,7/25/2023 16:09,1.5,2,7/26/2023 10:04,-119.5781133,39.931425,
TAM3,3,1,2,2,7/25/2023 16:09,1.5,2,7/26/2023 10:04,-119.5781133,39.931425,
TAM3,3,1,3,1,7/25/2023 16:11,2.3,2.8,7/26/2023 9:51,-119.5781667,39.93187667,
TAM3,3,1,3,2,7/25/2023 16:11,2.3,2.8,7/26/2023 9:51,-119.5781667,39.93187667,
TAM3,3,1,1,1,7/25/2023 16:12,4.3,5.8,7/26/2023 9:39,-119.5781083,39.932445,
TAM3,3,1,1,2,7/25/2023 16:12,4.3,5.8,7/26/2023 9:39,-119.5781083,39.932445,
TAM3,3,1,5,1,7/25/2023 16:14,5.5,6.3,7/26/2023 8:49,-119.5780517,39.93251667,
TAM3,3,1,5,2,7/25/2023 16:14,5.5,6.3,7/26/2023 8:49,-119.5780517,39.93251667,
TAM3,3,1,6,1,7/25/2023 16:16,6.8,9.8,7/26/2023 8:36,-119.5783233,39.932855,
TAM3,3,1,6,2,7/25/2023 16:16,6.8,9.8,7/26/2023 8:36,-119.5783233,39.932855,
TAM3,3,1,4,1,7/25/2023 16:18,8.5,10,7/26/2023 8:13,-119.57893,39.93317,
TAM3,3,1,4,2,7/25/2023 16:18,8.5,10,7/26/2023 8:13,-119.57893,39.93317,
TAM3,3,1,8,1,7/25/2023 16:20,11.3,11.5,7/26/2023 7:55,-119.5788617,39.93358667,
TAM3,3,1,8,2,7/25/2023 16:20,11.3,11.5,7/26/2023 7:55,-119.5788617,39.93358667,
TAM3,3,1,9,1,7/25/2023 16:25,12.9,13,7/26/2023 7:44,-119.578795,39.93472167,
TAM3,3,1,9,2,7/25/2023 16:25,12.9,13,7/26/2023 7:44,-119.578795,39.93472167,
TAM3,3,1,7,1,7/25/2023 16:27,14.1,14.8,7/26/2023 7:35,-119.5787767,39.93533333,
TAM3,3,1,7,2,7/25/2023 16:27,14.1,14.8,7/26/2023 7:35,-119.5787767,39.93533333,
TAM3,3,1,11,1,7/25/2023 16:28,16,17,7/26/2023 7:26,-119.57857,39.93615833,
TAM3,3,1,11,2,7/25/2023 16:28,16,17,7/26/2023 7:26,-119.57857,39.93615833,
TAM3,3,1,12,1,7/25/2023 16:30,18,18.3,7/26/2023 7:22,-119.578525,39.93677667,
TAM3,3,1,12,2,7/25/2023 16:30,18,18.3,7/26/2023 7:22,-119.578525,39.93677667,
TAM3,3,1,10,1,7/25/2023 16:31,19.3,19.5,7/26/2023 7:14,-119.5785367,39.93739,
TAM3,3,1,10,2,7/25/2023 16:31,19.3,19.5,7/26/2023 7:14,-119.5785367,39.93739,
TAM3,3,1,CORE10,0,7/25/2023 16:38,4.8,12.1,7/26/2023 6:18,-119.5703383,39.927335,
TAM3,3,1,CORE20,0,7/25/2023 16:40,14,15.7,7/26/2023 5:22,-119.5700433,39.92744833,
PEP3,1,1,1,1,7/26/2023 16:01,1.8,3,7/27/2023 9:19,,,next to 2
PEP3,1,1,1,2,7/26/2023 16:01,1.8,3,7/27/2023 9:19,,,next to 2
PEP3,1,1,2,1,7/26/2023 16:03,3.8,4.5,7/27/2023 9:00,-119.6339017,40.02009,
PEP3,1,1,2,2,7/26/2023 16:03,3.8,4.5,7/27/2023 9:00,-119.6339017,40.02009,
PEP3,1,1,3,1,7/26/2023 16:07,4.5,4.8,7/27/2023 8:46,-119.63427,40.02044333,
PEP3,1,1,3,2,7/26/2023 16:07,4.5,4.8,7/27/2023 8:46,-119.63427,40.02044333,
PEP3,1,1,4,1,7/26/2023 16:08,5.6,6.1,7/27/2023 8:17,-119.6340967,40.02054667,
PEP3,1,1,4,2,7/26/2023 16:08,5.6,6.1,7/27/2023 8:17,-119.6340967,40.02054667,
PEP3,1,1,5,1,7/26/2023 16:10,7,9,7/27/2023 7:53,-119.6343933,40.02079333,
PEP3,1,1,5,2,7/26/2023 16:10,7,9,7/27/2023 7:53,-119.6343933,40.02079333,
PEP3,1,1,6,1,7/26/2023 16:13,8.4,9.9,7/27/2023 7:33,-119.6345583,40.02123833,
PEP3,1,1,6,2,7/26/2023 16:13,8.4,9.9,7/27/2023 7:33,-119.6345583,40.02123833,
PEP3,1,1,7,1,7/26/2023 16:15,11,13.3,7/27/2023 7:08,-119.6344233,40.02164833,
PEP3,1,1,7,2,7/26/2023 16:15,11,13.3,7/27/2023 7:08,-119.6344233,40.02164833,
PEP3,1,1,8,1,7/26/2023 16:17,12.9,14.3,7/27/2023 6:53,-119.6342667,40.022025,
PEP3,1,1,8,2,7/26/2023 16:17,12.9,14.3,7/27/2023 6:53,-119.6342667,40.022025,
PEP3,1,2,9,1,7/26/2023 16:25,12.5,15,7/27/2023 6:38,-119.636785,40.02615167,
PEP3,1,2,9,2,7/26/2023 16:25,12.5,15,7/27/2023 6:38,-119.636785,40.02615167,
PEP3,1,2,10,1,7/26/2023 16:27,15.5,17.1,7/27/2023 6:28,-119.6372967,40.026445,
PEP3,1,2,10,2,7/26/2023 16:27,15.5,17.1,7/27/2023 6:28,-119.6372967,40.026445,
PEP3,1,2,11,1,7/26/2023 16:29,15.6,18.6,7/27/2023 6:24,-119.6385533,40.02684333,
PEP3,1,2,11,2,7/26/2023 16:29,15.6,18.6,7/27/2023 6:24,-119.6385533,40.02684333,
PEP3,1,2,12,1,7/26/2023 16:31,15.6,17.2,7/27/2023 6:18,-119.6395083,40.027445,
PEP3,1,2,12,2,7/26/2023 16:31,15.6,17.2,7/27/2023 6:18,-119.6395083,40.027445,
PEP3,1,1,CORE10,0,7/26/2023 16:37,3,9,7/27/2023 5:21,-119.641555,40.02987333,
PEP3,1,1,CORE20,0,7/26/2023 16:40,13,14,7/27/2023 5:11,-119.64115,40.02967667,
DAG3,2,1,3,1,7/27/2023 12:53,1.3,1.6,7/28/2023 9:40,,,
DAG3,2,1,3,2,7/27/2023 12:53,1.3,1.6,7/28/2023 9:40,,,
DAG3,2,1,1,1,7/27/2023 12:56,2.5,2.8,7/28/2023 9:30,,,
DAG3,2,1,1,2,7/27/2023 12:56,2.5,2.8,7/28/2023 9:30,,,
DAG3,2,1,2,1,7/27/2023 12:58,4,4.6,7/28/2023 9:20,,,
DAG3,2,1,2,2,7/27/2023 12:58,4,4.6,7/28/2023 9:20,,,
DAG3,2,1,6,1,7/27/2023 13:00,6.2,6.6,7/28/2023 9:10,-119.4392533,39.91808167,
DAG3,2,1,6,2,7/27/2023 13:00,6.2,6.6,7/28/2023 9:10,-119.4392533,39.91808167,
DAG3,2,1,4,1,7/27/2023 13:01,7.6,8,7/28/2023 8:49,-119.4392533,39.91808167,
DAG3,2,1,4,2,7/27/2023 13:01,7.6,8,7/28/2023 8:49,-119.4392533,39.91808167,
DAG3,2,1,5,1,7/27/2023 13:03,9.4,9.8,7/28/2023 8:04,-119.4402817,39.91732167,
DAG3,2,1,5,2,7/27/2023 13:03,9.4,9.8,7/28/2023 8:04,-119.4402817,39.91732167,
DAG3,2,1,9,1,7/27/2023 13:04,11.4,11.9,7/28/2023 7:37,-119.4409233,39.91692333,
DAG3,2,1,9,2,7/27/2023 13:04,11.4,11.9,7/28/2023 7:37,-119.4409233,39.91692333,
DAG3,2,1,7,1,7/27/2023 13:05,12.9,13.1,7/28/2023 7:15,-119.4411683,39.91662333,
DAG3,2,1,7,2,7/27/2023 13:05,12.9,13.1,7/28/2023 7:15,-119.4411683,39.91662333,
DAG3,2,1,8,1,7/27/2023 13:06,14.7,14.9,7/28/2023 7:01,-119.44158,39.91611,
DAG3,2,1,8,2,7/27/2023 13:06,14.7,14.9,7/28/2023 7:01,-119.44158,39.91611,
DAG3,2,1,12,1,7/27/2023 13:07,16.4,16.7,7/28/2023 6:51,-119.44213,39.91551667,
DAG3,2,1,12,2,7/27/2023 13:07,16.4,16.7,7/28/2023 6:51,-119.44213,39.91551667,
DAG3,2,1,10,1,7/27/2023 13:09,18.4,19,7/28/2023 6:40,-119.4427283,39.91491333,
DAG3,2,1,10,2,7/27/2023 13:09,18.4,19,7/28/2023 6:40,-119.4427283,39.91491333,
DAG3,2,1,11,1,7/27/2023 13:10,19.2,19.7,7/28/2023 6:35,-119.4427567,39.91454667,
DAG3,2,1,11,2,7/27/2023 13:10,19.2,19.7,7/28/2023 6:35,-119.4427567,39.91454667,
DAG3,2,1,CORE10,0,7/27/2023 13:16,5,5.6,7/28/2023 5:57,-119.4430083,39.92235833,
DAG3,2,1,CORE20,0,7/27/2023 13:19,15.3,16.7,7/28/2023 5:25,-119.4484033,39.91964667,
NTS3,3,1,2,1,7/28/2023 14:49,1.4,2,7/29/2023 9:47,-119.6724617,40.16097833,
NTS3,3,1,2,2,7/28/2023 14:49,1.4,2,7/29/2023 9:47,-119.6724617,40.16097833,
NTS3,3,1,3,1,7/28/2023 14:52,2.6,2.9,7/29/2023 9:29,-119.671525,40.161025,
NTS3,3,1,3,2,7/28/2023 14:52,2.6,2.9,7/29/2023 9:29,-119.671525,40.161025,
NTS3,3,1,1,1,7/28/2023 14:56,3.9,4,7/29/2023 8:59,-119.6699233,40.16121333,
NTS3,3,1,1,2,7/28/2023 14:56,3.9,4,7/29/2023 8:59,-119.6699233,40.16121333,
NTS3,3,1,5,1,7/28/2023 14:58,5.2,5.4,7/29/2023 8:37,-119.6681267,40.161205,
NTS3,3,1,5,2,7/28/2023 14:58,5.2,5.4,7/29/2023 8:37,-119.6681267,40.161205,
NTS3,3,1,6,1,7/28/2023 15:01,7,7.2,7/29/2023 8:19,-119.6651067,40.16106833,
NTS3,3,1,6,2,7/28/2023 15:01,7,7.2,7/29/2023 8:19,-119.6651067,40.16106833,
NTS3,3,1,4,1,7/28/2023 15:03,9.5,9.7,7/29/2023 7:58,-119.66302,40.16091,
NTS3,3,1,4,2,7/28/2023 15:03,9.5,9.7,7/29/2023 7:58,-119.66302,40.16091,
NTS3,3,1,8,1,7/28/2023 15:05,11.4,11.8,7/29/2023 7:45,-119.6612783,40.16063,
NTS3,3,1,8,2,7/28/2023 15:05,11.4,11.8,7/29/2023 7:45,-119.6612783,40.16063,
NTS3,3,1,9,1,7/28/2023 15:07,13.3,13.7,7/29/2023 7:36,-119.65923,40.160305,
NTS3,3,1,9,2,7/28/2023 15:07,13.3,13.7,7/29/2023 7:36,-119.65923,40.160305,
NTS3,3,1,7,1,7/28/2023 15:08,14.2,14.3,7/29/2023 7:24,-119.6582533,40.16033833,
NTS3,3,1,7,2,7/28/2023 15:08,14.2,14.3,7/29/2023 7:24,-119.6582533,40.16033833,
NTS3,3,1,11,1,7/28/2023 15:10,16,16.2,7/29/2023 7:17,-119.656315,40.159915,
NTS3,3,1,11,2,7/28/2023 15:10,16,16.2,7/29/2023 7:17,-119.656315,40.159915,
NTS3,3,1,12,1,7/28/2023 15:12,17.8,18.1,7/29/2023 7:07,-119.654685,40.159675,
NTS3,3,1,12,2,7/28/2023 15:12,17.8,18.1,7/29/2023 7:07,-119.654685,40.159675,
NTS3,3,1,10,1,7/28/2023 15:13,18.9,19.2,7/29/2023 6:52,-119.6536117,40.15955,
NTS3,3,1,10,2,7/28/2023 15:13,18.9,19.2,7/29/2023 6:52,-119.6536117,40.15955,
NTS3,3,1,CORE10,0,7/28/2023 15:19,5,5.2,7/29/2023 5:55,-119.659785,40.17056,
NTS3,3,1,CORE20,0,7/28/2023 15:23,15.4,16,7/29/2023 5:24,-119.6471683,40.16886333,
NTS2,1,1,1,1,7/29/2023 15:32,1.5,2.1,7/30/2023 8:22,-119.537125,40.191425,
NTS2,1,1,1,2,7/29/2023 15:32,1.5,2.1,7/30/2023 8:22,-119.537125,40.191425,
NTS2,1,1,2,1,7/29/2023 15:34,2.7,2.8,7/30/2023 8:13,-119.5379417,40.19019333,
NTS2,1,1,2,2,7/29/2023 15:34,2.7,2.8,7/30/2023 8:13,-119.5379417,40.19019333,
NTS2,1,1,3,1,7/29/2023 15:36,3.8,3.8,7/30/2023 8:09,-119.5388067,40.18907167,
NTS2,1,1,3,2,7/29/2023 15:36,3.8,3.8,7/30/2023 8:09,-119.5388067,40.18907167,
NTS2,1,1,4,1,7/29/2023 15:38,5.6,5.7,7/30/2023 7:55,-119.5399633,40.18721167,
NTS2,1,1,4,2,7/29/2023 15:38,5.6,5.7,7/30/2023 7:55,-119.5399633,40.18721167,
NTS2,1,1,5,1,7/29/2023 15:40,7.9,8.1,7/30/2023 7:38,-119.541255,40.18530167,
NTS2,1,1,5,2,7/29/2023 15:40,7.9,8.1,7/30/2023 7:38,-119.541255,40.18530167,
NTS2,1,1,6,1,7/29/2023 15:42,9.5,9.7,7/30/2023 7:25,-119.5421317,40.18405833,
NTS2,1,1,6,2,7/29/2023 15:42,9.5,9.7,7/30/2023 7:25,-119.5421317,40.18405833,
NTS2,1,1,7,1,7/29/2023 15:44,11,11.2,7/30/2023 7:11,-119.5431283,40.18258667,
NTS2,1,1,7,2,7/29/2023 15:44,11,11.2,7/30/2023 7:11,-119.5431283,40.18258667,
NTS2,1,1,8,1,7/29/2023 15:46,12.5,12.8,7/30/2023 6:55,-119.543825,40.18163333,
NTS2,1,1,8,2,7/29/2023 15:46,12.5,12.8,7/30/2023 6:55,-119.543825,40.18163333,
NTS2,1,1,9,1,7/29/2023 15:47,14,14.1,7/30/2023 6:41,-119.5445317,40.180695,
NTS2,1,1,9,2,7/29/2023 15:47,14,14.1,7/30/2023 6:41,-119.5445317,40.180695,
NTS2,1,1,10,1,7/29/2023 15:49,15.5,15.9,7/30/2023 6:34,-119.5453567,40.17957833,
NTS2,1,1,10,2,7/29/2023 15:49,15.5,15.9,7/30/2023 6:34,-119.5453567,40.17957833,
NTS2,1,1,11,1,7/29/2023 15:50,16.9,17.2,7/30/2023 6:28,-119.5460033,40.178725,
NTS2,1,1,11,2,7/29/2023 15:50,16.9,17.2,7/30/2023 6:28,-119.5460033,40.178725,
NTS2,1,1,12,1,7/29/2023 15:52,18.6,19.1,7/30/2023 6:19,-119.5470733,40.177335,
NTS2,1,1,12,2,7/29/2023 15:52,18.6,19.1,7/30/2023 6:19,-119.5470733,40.177335,
NTS2,1,1,CORE10,0,7/29/2023 15:58,5,5.4,7/30/2023 5:50,-119.5508167,40.190325,
NTS2,1,1,CORE20,0,7/29/2023 16:03,15.3,15.9,7/30/2023 5:27,-119.555285,40.18264,
BLH3,2,1,3,1,7/30/2023 15:20,1.5,1.9,7/31/2023 9:13,,,
BLH3,2,1,3,2,7/30/2023 15:20,1.5,1.9,7/31/2023 9:13,,,
BLH3,2,1,1,1,7/30/2023 15:22,2.5,3.4,7/31/2023 8:48,,,
BLH3,2,1,1,2,7/30/2023 15:22,2.5,3.4,7/31/2023 8:48,,,
BLH3,2,1,2,1,7/30/2023 15:24,3.8,4.5,7/31/2023 8:33,,,
BLH3,2,1,2,2,7/30/2023 15:24,3.8,4.5,7/31/2023 8:33,,,
BLH3,2,1,6,1,7/30/2023 15:26,5.5,7.5,7/31/2023 8:18,,,
BLH3,2,1,6,2,7/30/2023 15:26,5.5,7.5,7/31/2023 8:18,,,
BLH3,2,1,4,1,7/30/2023 15:29,5.4,6.7,7/31/2023 8:01,,,
BLH3,2,1,4,2,7/30/2023 15:29,5.4,6.7,7/31/2023 8:01,,,
BLH3,2,1,5,1,7/30/2023 15:34,5.4,9.8,7/31/2023 7:42,,,
BLH3,2,1,5,2,7/30/2023 15:34,5.4,9.8,7/31/2023 7:42,,,
BLH3,2,1,9,1,7/30/2023 15:36,10,15.1,7/31/2023 7:26,,,
BLH3,2,1,9,2,7/30/2023 15:36,10,15.1,7/31/2023 7:26,,,
BLH3,2,1,7,1,7/30/2023 15:38,10.3,13.1,7/31/2023 7:13,,,
BLH3,2,1,7,2,7/30/2023 15:38,10.3,13.1,7/31/2023 7:13,,,
BLH3,2,1,8,1,7/30/2023 15:40,10,14,7/31/2023 6:54,,,
BLH3,2,1,8,2,7/30/2023 15:40,10,14,7/31/2023 6:54,,,
BLH3,2,1,12,1,7/30/2023 15:42,15,17.5,7/31/2023 6:43,,,
BLH3,2,1,12,2,7/30/2023 15:42,15,17.5,7/31/2023 6:43,,,
BLH3,2,1,10,1,7/30/2023 15:45,16.3,18,7/31/2023 6:31,,,
BLH3,2,1,10,2,7/30/2023 15:45,16.3,18,7/31/2023 6:31,,,
BLH3,2,1,11,1,7/30/2023 15:47,16.9,18.1,7/31/2023 6:27,,,
BLH3,2,1,11,2,7/30/2023 15:47,16.9,18.1,7/31/2023 6:27,,,
BLH3,2,1,CORE10,0,7/30/2023 15:52,5.3,15.3,7/31/2023 5:55,,,
BLH3,2,1,CORE20,0,7/30/2023 15:54,14.9,19.8,7/31/2023 5:25,,,
PYR3,3,1,2,1,7/31/2023 15:06,1.8,2.2,8/1/2023 8:43,,,
PYR3,3,1,2,2,7/31/2023 15:06,1.8,2.2,8/1/2023 8:43,,,
PYR3,3,1,3,1,7/31/2023 15:07,3,3.8,8/1/2023 8:29,,,
PYR3,3,1,3,2,7/31/2023 15:07,3,3.8,8/1/2023 8:29,,,
PYR3,3,1,1,1,7/31/2023 15:09,4,4.5,8/1/2023 8:09,,,Temp logger on EXP10 was waterlogged :(
PYR3,3,1,1,2,7/31/2023 15:09,4,4.5,8/1/2023 8:09,,,Temp logger on EXP10 was waterlogged :(
PYR3,3,1,5,1,7/31/2023 15:10,5.5,5.8,8/1/2023 7:53,,,
PYR3,3,1,5,2,7/31/2023 15:10,5.5,5.8,8/1/2023 7:53,,,
PYR3,3,1,6,1,7/31/2023 15:12,6.8,8.7,8/1/2023 7:41,,,
PYR3,3,1,6,2,7/31/2023 15:12,6.8,8.7,8/1/2023 7:41,,,
PYR3,3,1,4,1,7/31/2023 15:15,7.5,10,8/1/2023 7:20,,,
PYR3,3,1,4,2,7/31/2023 15:15,7.5,10,8/1/2023 7:20,,,
PYR3,3,1,8,1,7/31/2023 15:22,10.5,14,8/1/2023 7:05,,,
PYR3,3,1,8,2,7/31/2023 15:22,10.5,14,8/1/2023 7:05,,,
PYR3,3,1,9,1,7/31/2023 15:24,10.5,14.5,8/1/2023 6:51,,,
PYR3,3,1,9,2,7/31/2023 15:24,10.5,14.5,8/1/2023 6:51,,,
PYR3,3,1,7,1,7/31/2023 15:26,5.5,9.8,8/1/2023 6:36,,,
PYR3,3,1,7,2,7/31/2023 15:26,5.5,9.8,8/1/2023 6:36,,,
PYR3,3,1,11,1,7/31/2023 15:29,15.9,17.8,8/1/2023 6:31,,,
PYR3,3,1,11,2,7/31/2023 15:29,15.9,17.8,8/1/2023 6:31,,,
PYR3,3,1,12,1,7/31/2023 15:31,16.5,18.5,8/1/2023 6:18,,,
PYR3,3,1,12,2,7/31/2023 15:31,16.5,18.5,8/1/2023 6:18,,,
PYR3,3,1,10,1,7/31/2023 15:33,17.5,19.5,8/1/2023 6:12,,,
PYR3,3,1,10,2,7/31/2023 15:33,17.5,19.5,8/1/2023 6:12,,,
PYR3,3,1,CORE10,0,7/31/2023 15:38,4.5,5.5,8/1/2023 5:31,,,
PYR3,3,1,CORE20,0,7/31/2023 15:39,8.5,14.5,8/1/2023 5:09,,,
